{"cameraMode":{"drawMode":0,"name":"Shaded","section":"Shading Mode"},"sceneLighting":true,"audioPlay":false,"sceneViewState":{"showFog":true,"showMaterialUpdate":true,"showSkybox":true,"showFlares":true,"showImageEffects":true,"showParticleSystems":true},"in2DMode":false,"pivot":{"x":-0.763646125793457,"y":1.0798084735870362,"z":2.5167033672332765},"rotation":{"x":0.23494264483451844,"y":0.2925128638744354,"z":-0.0743790790438652,"w":0.923963725566864},"size":0.8877726793289185,"orthographic":false}