{"cameraMode":{"drawMode":0,"name":"Shaded","section":"Shading Mode"},"sceneLighting":true,"audioPlay":false,"sceneViewState":{"showFog":true,"showMaterialUpdate":true,"showSkybox":true,"showFlares":true,"showImageEffects":true,"showParticleSystems":true},"in2DMode":false,"pivot":{"x":0.25475749373435976,"y":2.03287410736084,"z":-1.079190731048584},"rotation":{"x":0.1286410391330719,"y":0.009525864385068417,"z":-0.001201482256874442,"w":0.9916765689849854},"size":0.04523444175720215,"orthographic":false}