{"cameraMode":{"drawMode":0,"name":"Shaded","section":"Shading Mode"},"sceneLighting":true,"audioPlay":false,"sceneViewState":{"showFog":true,"showMaterialUpdate":true,"showSkybox":true,"showFlares":true,"showImageEffects":true,"showParticleSystems":true},"in2DMode":false,"pivot":{"x":-9.509749412536621,"y":-7.981675148010254,"z":14.722620010375977},"rotation":{"x":0.25055840611457827,"y":-0.2865513563156128,"z":0.07792121171951294,"w":0.9214461445808411},"size":18.496471405029298,"orthographic":false}