{"cameraMode":{"drawMode":0,"name":"Shaded","section":"Shading Mode"},"sceneLighting":true,"audioPlay":false,"sceneViewState":{"showFog":true,"showMaterialUpdate":true,"showSkybox":true,"showFlares":true,"showImageEffects":true,"showParticleSystems":true},"in2DMode":false,"pivot":{"x":2.3653111457824709,"y":-0.8330519199371338,"z":2.978383779525757},"rotation":{"x":0.25823041796684267,"y":0.4174579977989197,"z":-0.12505850195884705,"w":0.8622523546218872},"size":5.473639965057373,"orthographic":false}