{"cameraMode":{"drawMode":0,"name":"Shaded","section":"Shading Mode"},"sceneLighting":true,"audioPlay":false,"sceneViewState":{"showFog":true,"showMaterialUpdate":true,"showSkybox":true,"showFlares":true,"showImageEffects":true,"showParticleSystems":true},"in2DMode":false,"pivot":{"x":0.1555767059326172,"y":0.8320299386978149,"z":2.9475290775299074},"rotation":{"x":0.19409655034542085,"y":-0.10631522536277771,"z":0.021132536232471467,"w":0.9750136733055115},"size":1.6793928146362305,"orthographic":false}