{"cameraMode":{"drawMode":0,"name":"Shaded","section":"Shading Mode"},"sceneLighting":true,"audioPlay":false,"sceneViewState":{"showFog":true,"showMaterialUpdate":true,"showSkybox":true,"showFlares":true,"showImageEffects":true,"showParticleSystems":true},"in2DMode":false,"pivot":{"x":-0.8702918291091919,"y":1.312110185623169,"z":2.2463088035583498},"rotation":{"x":-0.2083360105752945,"y":0.12025648355484009,"z":-0.02581123635172844,"w":-0.9703056812286377},"size":0.751406729221344,"orthographic":false}