{"cameraMode":{"drawMode":0,"name":"Shaded","section":"Shading Mode"},"sceneLighting":true,"audioPlay":false,"sceneViewState":{"showFog":true,"showMaterialUpdate":true,"showSkybox":true,"showFlares":true,"showImageEffects":true,"showParticleSystems":true},"in2DMode":false,"pivot":{"x":-0.9314107894897461,"y":0.7628344893455505,"z":2.6333839893341066},"rotation":{"x":0.24062205851078034,"y":0.10603167116641998,"z":-0.026453712955117227,"w":0.9644498825073242},"size":1.417546033859253,"orthographic":false}