{"cameraMode":{"drawMode":0,"name":"Shaded","section":"Shading Mode"},"sceneLighting":true,"audioPlay":false,"sceneViewState":{"showFog":true,"showMaterialUpdate":true,"showSkybox":true,"showFlares":true,"showImageEffects":true,"showParticleSystems":true},"in2DMode":false,"pivot":{"x":-0.7979917526245117,"y":1.1366260051727296,"z":2.4835705757141115},"rotation":{"x":0.20713046193122865,"y":-0.11067977547645569,"z":0.02356010489165783,"w":0.9717896580696106},"size":1.3139801025390626,"orthographic":false}