{"cameraMode":{"drawMode":0,"name":"Shaded","section":"Shading Mode"},"sceneLighting":true,"audioPlay":false,"sceneViewState":{"showFog":true,"showMaterialUpdate":true,"showSkybox":true,"showFlares":true,"showImageEffects":true,"showParticleSystems":true},"in2DMode":false,"pivot":{"x":-1.8348695039749146,"y":-5.273138046264648,"z":12.138909339904786},"rotation":{"x":0.28064048290252688,"y":-0.05839795246720314,"z":0.017141075804829599,"w":0.9579047560691834},"size":12.297432899475098,"orthographic":false}