{"cameraMode":{"drawMode":0,"name":"Shaded","section":"Shading Mode"},"sceneLighting":true,"audioPlay":false,"sceneViewState":{"showFog":true,"showMaterialUpdate":true,"showSkybox":true,"showFlares":true,"showImageEffects":true,"showParticleSystems":true},"in2DMode":false,"pivot":{"x":-0.36641013622283938,"y":1.444553256034851,"z":0.8882828950881958},"rotation":{"x":0.1945604383945465,"y":-0.3608877956867218,"z":0.07726190984249115,"w":0.9088181853294373},"size":0.7858032584190369,"orthographic":false}