{"cameraMode":{"drawMode":0,"name":"Shaded","section":"Shading Mode"},"sceneLighting":true,"audioPlay":false,"sceneViewState":{"showFog":true,"showMaterialUpdate":true,"showSkybox":true,"showFlares":true,"showImageEffects":true,"showParticleSystems":true},"in2DMode":false,"pivot":{"x":-0.20003002882003785,"y":1.8415957689285279,"z":1.1523069143295289},"rotation":{"x":0.3123554587364197,"y":-0.25179025530815127,"z":0.08624451607465744,"w":0.9119201898574829},"size":0.114349365234375,"orthographic":false}