{"cameraMode":{"drawMode":0,"name":"Shaded","section":"Shading Mode"},"sceneLighting":true,"audioPlay":false,"sceneViewState":{"showFog":true,"showMaterialUpdate":true,"showSkybox":true,"showFlares":true,"showImageEffects":true,"showParticleSystems":true},"in2DMode":false,"pivot":{"x":-0.9242833256721497,"y":1.4888286590576172,"z":2.2196121215820314},"rotation":{"x":0.4718289077281952,"y":-0.44573038816452029,"z":0.30103233456611636,"w":0.6986306309700012},"size":0.3112853169441223,"orthographic":false}