{"cameraMode":{"drawMode":0,"name":"Shaded","section":"Shading Mode"},"sceneLighting":true,"audioPlay":false,"sceneViewState":{"showFog":true,"showMaterialUpdate":true,"showSkybox":true,"showFlares":true,"showImageEffects":true,"showParticleSystems":true},"in2DMode":false,"pivot":{"x":0.08688369393348694,"y":1.713435411453247,"z":0.3361620008945465},"rotation":{"x":0.20979706943035127,"y":-0.11991813778877258,"z":0.025935206562280656,"w":0.9700203537940979},"size":0.8842687606811523,"orthographic":false}