{"cameraMode":{"drawMode":0,"name":"Shaded","section":"Shading Mode"},"sceneLighting":true,"audioPlay":false,"sceneViewState":{"showFog":true,"showMaterialUpdate":true,"showSkybox":true,"showFlares":true,"showImageEffects":true,"showParticleSystems":true},"in2DMode":false,"pivot":{"x":-0.8829051852226257,"y":1.0740472078323365,"z":1.888068437576294},"rotation":{"x":0.28682300448417666,"y":-0.0983525738120079,"z":0.02962237223982811,"w":0.952467679977417},"size":0.3112853169441223,"orthographic":false}