{"cameraMode":{"drawMode":0,"name":"Shaded","section":"Shading Mode"},"sceneLighting":true,"audioPlay":false,"sceneViewState":{"showFog":true,"showMaterialUpdate":true,"showSkybox":true,"showFlares":true,"showImageEffects":true,"showParticleSystems":true},"in2DMode":false,"pivot":{"x":-0.8822519183158875,"y":0.9484636187553406,"z":2.2301223278045656},"rotation":{"x":0.16677096486091615,"y":0.07151723653078079,"z":-0.012128819711506367,"w":0.9833279848098755},"size":0.945234477519989,"orthographic":false}