{"cameraMode":{"drawMode":0,"name":"Shaded","section":"Shading Mode"},"sceneLighting":true,"audioPlay":false,"sceneViewState":{"showFog":true,"showMaterialUpdate":true,"showSkybox":true,"showFlares":true,"showImageEffects":true,"showParticleSystems":true},"in2DMode":false,"pivot":{"x":-13.692914962768555,"y":2.7333521842956545,"z":-11.92111587524414},"rotation":{"x":-0.001000085030682385,"y":0.9981095790863037,"z":-0.019977925345301629,"w":-0.060347601771354678},"size":8.877344131469727,"orthographic":false}