{"cameraMode":{"drawMode":0,"name":"Shaded","section":"Shading Mode"},"sceneLighting":true,"audioPlay":false,"sceneViewState":{"showFog":true,"showMaterialUpdate":true,"showSkybox":true,"showFlares":true,"showImageEffects":true,"showParticleSystems":true},"in2DMode":false,"pivot":{"x":6.102216720581055,"y":-0.05938398465514183,"z":-3.5403566360473635},"rotation":{"x":-0.14178666472434998,"y":-0.5840387344360352,"z":0.10442743450403214,"w":-0.7924979329109192},"size":10.87342643737793,"orthographic":false}