{"cameraMode":{"drawMode":0,"name":"Shaded","section":"Shading Mode"},"sceneLighting":true,"audioPlay":false,"sceneViewState":{"showFog":true,"showMaterialUpdate":true,"showSkybox":true,"showFlares":true,"showImageEffects":true,"showParticleSystems":true},"in2DMode":false,"pivot":{"x":-1.1193073987960816,"y":0.316063791513443,"z":3.2212252616882326},"rotation":{"x":0.23375482857227326,"y":-0.20525847375392915,"z":0.0505567230284214,"w":0.9490379095077515},"size":2.884134292602539,"orthographic":false}