{"cameraMode":{"drawMode":0,"name":"Shaded","section":"Shading Mode"},"sceneLighting":true,"audioPlay":false,"sceneViewState":{"showFog":true,"showMaterialUpdate":false,"showSkybox":true,"showFlares":true,"showImageEffects":true,"showParticleSystems":true},"in2DMode":false,"pivot":{"x":0.311184823513031,"y":0.9335629343986511,"z":1.9918534755706788},"rotation":{"x":0.2585708498954773,"y":0.23274527490139008,"z":-0.06436268985271454,"w":0.9354039430618286},"size":1.0823988914489747,"orthographic":false}