{"cameraMode":{"drawMode":0,"name":"Shaded","section":"Shading Mode"},"sceneLighting":true,"audioPlay":false,"sceneViewState":{"showFog":true,"showMaterialUpdate":false,"showSkybox":true,"showFlares":true,"showImageEffects":true,"showParticleSystems":true},"in2DMode":false,"pivot":{"x":-0.8771727085113525,"y":1.1527156829833985,"z":1.865233063697815},"rotation":{"x":-0.17723305523395539,"y":0.2237377017736435,"z":-0.0413426011800766,"w":-0.9575775265693665},"size":1.1333281993865967,"orthographic":false}