{"cameraMode":{"drawMode":0,"name":"Shaded","section":"Shading Mode"},"sceneLighting":true,"audioPlay":false,"sceneViewState":{"showFog":true,"showMaterialUpdate":true,"showSkybox":true,"showFlares":true,"showImageEffects":true,"showParticleSystems":true},"in2DMode":false,"pivot":{"x":-0.4375336766242981,"y":1.2603274583816529,"z":1.0402941703796387},"rotation":{"x":0.21822033822536469,"y":-0.06581617146730423,"z":0.014751666225492955,"w":0.9735692739486694},"size":0.8842687606811523,"orthographic":false}