{"cameraMode":{"drawMode":0,"name":"Shaded","section":"Shading Mode"},"sceneLighting":true,"audioPlay":false,"sceneViewState":{"showFog":true,"showMaterialUpdate":true,"showSkybox":true,"showFlares":true,"showImageEffects":true,"showParticleSystems":true},"in2DMode":false,"pivot":{"x":1.6991459131240845,"y":-0.368512898683548,"z":1.9702054262161255},"rotation":{"x":-0.05855616182088852,"y":-0.6885932087898254,"z":0.055848512798547748,"w":-0.7207294702529907},"size":10.87342643737793,"orthographic":false}