{"cameraMode":{"drawMode":0,"name":"Shaded","section":"Shading Mode"},"sceneLighting":true,"audioPlay":false,"sceneViewState":{"showFog":true,"showMaterialUpdate":false,"showSkybox":true,"showFlares":true,"showImageEffects":true,"showParticleSystems":true},"in2DMode":false,"pivot":{"x":-1.269761323928833,"y":1.1772916316986085,"z":-12.10712718963623},"rotation":{"x":0.2979446351528168,"y":-0.1467064619064331,"z":0.04650113731622696,"w":0.9421327710151672},"size":3.8224494457244875,"orthographic":false}