{"cameraMode":{"drawMode":0,"name":"Shaded","section":"Shading Mode"},"sceneLighting":true,"audioPlay":false,"sceneViewState":{"showFog":true,"showMaterialUpdate":true,"showSkybox":true,"showFlares":true,"showImageEffects":true,"showParticleSystems":true},"in2DMode":false,"pivot":{"x":-2.8909997940063478,"y":2.263000011444092,"z":-11.524999618530274},"rotation":{"x":-0.09675250202417374,"y":0.7041725516319275,"z":-0.0977892279624939,"w":-0.6965943574905396},"size":1.5953264236450196,"orthographic":false}