{"cameraMode":{"drawMode":0,"name":"Shaded","section":"Shading Mode"},"sceneLighting":true,"audioPlay":false,"sceneViewState":{"showFog":true,"showMaterialUpdate":false,"showSkybox":true,"showFlares":true,"showImageEffects":true,"showParticleSystems":true},"in2DMode":false,"pivot":{"x":-2.0622334480285646,"y":-1.7354135513305665,"z":-0.3930692672729492},"rotation":{"x":0.027694491669535638,"y":0.9578741788864136,"z":-0.2681962251663208,"w":0.09891343861818314},"size":16.930458068847658,"orthographic":false}