{"cameraMode":{"drawMode":0,"name":"Shaded","section":"Shading Mode"},"sceneLighting":true,"audioPlay":false,"sceneViewState":{"showFog":true,"showMaterialUpdate":false,"showSkybox":true,"showFlares":true,"showImageEffects":true,"showParticleSystems":true},"in2DMode":false,"pivot":{"x":6.112725257873535,"y":-4.861732482910156,"z":1.6954212188720704},"rotation":{"x":-0.16239359974861146,"y":-0.6257796883583069,"z":0.13533835113048554,"w":-0.7508306503295898},"size":16.82781219482422,"orthographic":false}