{"cameraMode":{"drawMode":0,"name":"Shaded","section":"Shading Mode"},"sceneLighting":true,"audioPlay":false,"sceneViewState":{"showFog":true,"showMaterialUpdate":true,"showSkybox":true,"showFlares":true,"showImageEffects":true,"showParticleSystems":true},"in2DMode":false,"pivot":{"x":-1.2321752309799195,"y":1.003622055053711,"z":1.5744199752807618},"rotation":{"x":0.29808300733566286,"y":0.04293554648756981,"z":-0.013422846794128418,"w":0.953480064868927},"size":0.9734426140785217,"orthographic":false}