{"cameraMode":{"drawMode":0,"name":"Shaded","section":"Shading Mode"},"sceneLighting":true,"audioPlay":false,"sceneViewState":{"showFog":true,"showMaterialUpdate":false,"showSkybox":true,"showFlares":true,"showImageEffects":true,"showParticleSystems":true},"in2DMode":false,"pivot":{"x":-0.6473984718322754,"y":1.1039087772369385,"z":2.012692451477051},"rotation":{"x":0.05415845662355423,"y":-0.06588228046894074,"z":0.003712843870744109,"w":0.9964097738265991},"size":1.8903884887695313,"orthographic":false}